C,a,4,_,3,9,1,6,4,0,1,3,	,C,/,T,	,4,	,3,9,1,6,4,0,1,3,	,+,	,N,A,	,N,A,	,N,A,	,N,A,	,N,A,	,N,A,	,C,	,C,	,C,	,C,	,C,	,C,	,C,	,C,	,C,	,C,	,C,	,C,	,C,	,T,	,C,	,T,	,T,	,C,	,C,	,C,	,T,	,C,	,C,	,C,	,C,	,C,	,C,	,C,	,C,	,C,	,C,	,C,	,C,	,C,	,C,	,C,	,C,	,T,	,C,	,C,	,C,	,C,	,C,	,C,	,T,	,T,	,T,	,T,	,T,	,T,	,C,	,C,	,C,	,T,	,C,	,C,	,C,	,C,	,C,	,C,	,C,	,C,	,C,	,C,	,T,	,C,	,T,	,C,	,T,	,C,	,T,	,C,	,C,	,C,	,C,	,C,	,C,	,C,	,T,	,C,	,C,	,C,	,C,	,C,	,C,	,C,	,C,	,C,	,C,	,C,	,C,	,C,	,C,	,C,	,C,	,C,	,C,	,C,	,C,	,C,	,C,	,T,	,C,	,C,	,T,	,C,	,C,	,T,	,C,	,Y,	,C,	,C,	,C,	,Y,	,T,	,T,	,C,	,T,	,C,	,C,	,C,	,C,	,C,	,C,	,C,	,C,	,C,	,C,	,T,	,C,	,C,	,C,	,C,	,C,	,C,	,C,	,C,	,T,	,C,	,T,	,C,	,C,	,C,	,C,	,C,	,C,	,T,	,C,	,C,	,C,	,C,	,C,	,C,	,C,	,C,	,C,	,C,	,C,	,T,	,T,	,C,	,C,	,C,	,C,	,C,	,C,	,C,	,C,	,C,	,C,	,C,	,C,	,C,	,C,	,T,	,T,	,T,	,T,	,T,	,T,	,C,	,T,	,T,	,C,	,T,	,T,	,C,	,T,	,C,	,C,	,C,	,T,	,C,	,C,	,C,	,T,	,T,	,C,	,C,	,T,	,T,	,C,	,C,	,C,	,T,	,T,	,C,	,T,	,C,	,C,	,C,	,C,	,T,	,C,	,C,	,C,	,C,	,C,	,C,	,C,	,C,	,N,	,T,	,T,	,T,	,C,	,C,	,C,	,C,	,C,	,C,	,C,	,C,	,T,	,T,	,T,	,C,	,C,	,C,	,C,	,C,	,C,	,C,	,C,	,C,	,C,	,C,	,C,	,C,	,C,	,C,	,C,	,T,	,T,	,C,	,T,	,C,	,C,	,C,	,T,	,C,	,T,	,T,	,C,	,C,	,C,	,T,	,C,	,C,	,C,	,C,	,C,	,T,	,C,	,C,	,N,	,T,	,T,	,T,	,C,	,C,	,C,	,T,	,T,	,C,	,N,	,T,	,T,	,C,	,T,	,T,	,C,	,C,	,C,	,C,	,C,	,C,	,C,	,C,	,C,	,C,	,C,	,C,	,C,	,C,	,C,	,C,	,C,	,C,	,C,	,C,	,C,	,C,	,C,	,C,	,C,	,C,	,C,	,C,	,C,	,C,	,C,	,C,	,C,	,C,	,C,	,C,	,C,	,C,	,T,	,C,	,C,	,C,	,C,	,T,	,C,	,C,	,C,	,C,	,T,	,T,	,T,	,C,	,C,	,C,	,C,	,C,	,C,	,C,	,C,	,C,	,C,	,C,	,C,	,C,	,C,	,C,	,C,	,C,	,T,	,C,	,C,	,C,	,C,	,C,	,C,	,C,	,T,	,C,	,C,	,N,	,C,	,C,	,C,	,T,	,Y,	,T,	,C,	,C,	,C,	,T,	,C,	,C,	,T,	,C,	,C,	,T,	,C,	,T,	,C,	,C,	,C,	,C,	,T,	,C,	,C,	,T,	,C,	,Y,	,C,	,T,	,T,	,T,	,T,	,C,	,C,	,C,	,C,	,C,	,C,	,C,	,C,	,T,	,T,	,C,	,C,	,C,	,T,	,C,	,C,	,T,	,C,	,C,	,C,	,C,	,C,	,C,	,C,	,C,"
"
C,a,4,_,3,9,1,6,4,0,1,5,	,T,/,G,	,4,	,3,9,1,6,4,0,1,5,	,+,	,N,A,	,N,A,	,N,A,	,N,A,	,N,A,	,N,A,	,T,	,T,	,T,	,T,	,T,	,T,	,T,	,T,	,T,	,T,	,T,	,T,	,T,	,G,	,T,	,G,	,G,	,T,	,T,	,T,	,G,	,G,	,G,	,T,	,T,	,T,	,T,	,T,	,T,	,T,	,T,	,T,	,T,	,T,	,T,	,T,	,T,	,G,	,T,	,T,	,T,	,T,	,T,	,T,	,G,	,G,	,G,	,G,	,G,	,G,	,T,	,T,	,T,	,G,	,T,	,T,	,T,	,T,	,T,	,T,	,T,	,N,	,T,	,T,	,G,	,T,	,G,	,T,	,G,	,T,	,G,	,T,	,T,	,T,	,T,	,T,	,T,	,T,	,G,	,G,	,T,	,T,	,T,	,T,	,T,	,T,	,T,	,T,	,T,	,T,	,T,	,T,	,T,	,T,	,T,	,T,	,T,	,T,	,T,	,T,	,T,	,G,	,T,	,T,	,G,	,T,	,T,	,G,	,T,	,K,	,T,	,T,	,T,	,K,	,G,	,G,	,T,	,G,	,T,	,N,	,T,	,T,	,T,	,T,	,T,	,T,	,T,	,T,	,G,	,T,	,T,	,T,	,K,	,T,	,T,	,T,	,T,	,G,	,T,	,G,	,T,	,T,	,T,	,T,	,T,	,T,	,G,	,T,	,T,	,T,	,T,	,T,	,T,	,T,	,T,	,T,	,T,	,T,	,G,	,G,	,T,	,T,	,T,	,T,	,T,	,T,	,T,	,T,	,T,	,T,	,K,	,G,	,N,	,T,	,G,	,G,	,G,	,G,	,G,	,G,	,T,	,G,	,G,	,T,	,G,	,G,	,T,	,G,	,T,	,T,	,T,	,G,	,T,	,T,	,T,	,G,	,G,	,T,	,T,	,G,	,G,	,T,	,T,	,T,	,G,	,G,	,T,	,G,	,T,	,T,	,T,	,T,	,G,	,T,	,T,	,T,	,T,	,G,	,G,	,G,	,T,	,N,	,G,	,G,	,G,	,T,	,G,	,T,	,T,	,T,	,T,	,T,	,T,	,G,	,T,	,G,	,N,	,T,	,T,	,T,	,T,	,T,	,T,	,T,	,T,	,G,	,T,	,T,	,T,	,T,	,T,	,T,	,G,	,G,	,G,	,G,	,T,	,T,	,G,	,G,	,T,	,G,	,G,	,T,	,T,	,T,	,G,	,T,	,T,	,T,	,T,	,T,	,G,	,T,	,T,	,N,	,K,	,T,	,T,	,T,	,T,	,T,	,G,	,G,	,T,	,N,	,T,	,G,	,T,	,G,	,G,	,T,	,T,	,T,	,T,	,T,	,T,	,T,	,T,	,T,	,T,	,T,	,T,	,T,	,T,	,T,	,T,	,T,	,T,	,T,	,T,	,T,	,T,	,T,	,T,	,T,	,T,	,T,	,T,	,G,	,T,	,T,	,T,	,T,	,T,	,T,	,T,	,T,	,T,	,T,	,T,	,G,	,K,	,T,	,T,	,T,	,G,	,T,	,T,	,G,	,G,	,G,	,T,	,T,	,T,	,T,	,T,	,T,	,T,	,T,	,T,	,T,	,T,	,T,	,T,	,T,	,T,	,T,	,T,	,G,	,T,	,T,	,T,	,T,	,T,	,T,	,T,	,G,	,T,	,T,	,N,	,T,	,T,	,T,	,G,	,K,	,G,	,T,	,T,	,T,	,G,	,T,	,T,	,G,	,T,	,T,	,G,	,T,	,G,	,T,	,T,	,T,	,T,	,G,	,T,	,T,	,G,	,T,	,K,	,T,	,G,	,G,	,G,	,G,	,T,	,T,	,T,	,T,	,T,	,T,	,T,	,T,	,G,	,G,	,T,	,T,	,T,	,G,	,T,	,T,	,T,	,T,	,T,	,T,	,T,	,T,	,T,	,T,	,T,"
"
C,a,4,_,3,9,1,6,4,1,5,6,	,C,/,A,	,4,	,3,9,1,6,4,1,5,6,	,+,	,N,A,	,N,A,	,N,A,	,N,A,	,N,A,	,N,A,	,C,	,M,	,C,	,C,	,C,	,C,	,C,	,C,	,C,	,C,	,M,	,C,	,C,	,N,	,N,	,A,	,M,	,C,	,C,	,C,	,N,	,C,	,C,	,C,	,C,	,C,	,C,	,M,	,C,	,C,	,C,	,C,	,C,	,C,	,M,	,C,	,C,	,N,	,M,	,C,	,C,	,C,	,C,	,A,	,N,	,C,	,N,	,N,	,C,	,N,	,C,	,C,	,M,	,A,	,C,	,C,	,C,	,C,	,C,	,C,	,C,	,A,	,C,	,C,	,N,	,C,	,C,	,C,	,N,	,C,	,A,	,M,	,C,	,M,	,C,	,C,	,C,	,M,	,N,	,A,	,N,	,C,	,C,	,C,	,C,	,C,	,M,	,C,	,C,	,C,	,C,	,C,	,A,	,C,	,C,	,C,	,C,	,C,	,C,	,C,	,C,	,M,	,M,	,C,	,N,	,C,	,C,	,N,	,C,	,C,	,C,	,C,	,C,	,C,	,N,	,C,	,C,	,C,	,C,	,N,	,C,	,C,	,C,	,C,	,C,	,C,	,C,	,C,	,M,	,M,	,C,	,C,	,C,	,M,	,M,	,C,	,C,	,M,	,C,	,A,	,C,	,C,	,C,	,C,	,C,	,M,	,N,	,C,	,C,	,C,	,C,	,C,	,C,	,C,	,C,	,C,	,C,	,C,	,M,	,N,	,A,	,C,	,C,	,M,	,C,	,C,	,C,	,C,	,C,	,C,	,N,	,N,	,N,	,M,	,N,	,M,	,N,	,N,	,N,	,M,	,C,	,A,	,M,	,C,	,C,	,N,	,C,	,N,	,C,	,C,	,M,	,N,	,C,	,C,	,C,	,N,	,N,	,C,	,C,	,A,	,N,	,C,	,C,	,C,	,N,	,C,	,C,	,N,	,C,	,C,	,C,	,C,	,C,	,C,	,M,	,C,	,C,	,M,	,C,	,C,	,C,	,N,	,N,	,C,	,M,	,C,	,C,	,M,	,C,	,C,	,C,	,C,	,C,	,C,	,N,	,N,	,N,	,M,	,C,	,C,	,C,	,C,	,M,	,C,	,C,	,C,	,C,	,C,	,C,	,C,	,C,	,C,	,C,	,N,	,M,	,C,	,M,	,C,	,N,	,N,	,C,	,C,	,N,	,C,	,C,	,C,	,N,	,C,	,C,	,C,	,C,	,C,	,C,	,C,	,C,	,N,	,N,	,N,	,N,	,A,	,C,	,N,	,N,	,N,	,C,	,N,	,C,	,N,	,C,	,N,	,A,	,C,	,C,	,N,	,M,	,C,	,C,	,C,	,C,	,C,	,C,	,C,	,M,	,C,	,C,	,C,	,C,	,M,	,C,	,M,	,C,	,C,	,M,	,C,	,M,	,C,	,C,	,C,	,C,	,C,	,C,	,M,	,C,	,C,	,C,	,C,	,C,	,C,	,C,	,C,	,C,	,N,	,C,	,C,	,M,	,C,	,N,	,C,	,C,	,N,	,N,	,N,	,C,	,M,	,C,	,C,	,C,	,C,	,M,	,C,	,C,	,C,	,C,	,M,	,C,	,N,	,C,	,C,	,C,	,C,	,C,	,C,	,N,	,C,	,C,	,C,	,C,	,C,	,C,	,C,	,C,	,C,	,C,	,N,	,A,	,C,	,N,	,C,	,M,	,C,	,C,	,C,	,N,	,N,	,C,	,C,	,N,	,M,	,N,	,C,	,C,	,C,	,C,	,A,	,M,	,C,	,N,	,N,	,C,	,M,	,C,	,N,	,C,	,M,	,N,	,C,	,C,	,C,	,C,	,C,	,C,	,C,	,N,	,C,	,C,	,C,	,C,	,N,	,C,	,C,	,C,	,C,	,C,	,C,	,C,	,C,	,C,	,C,	,C,"
"
C,a,4,_,3,9,1,6,4,4,3,4,	,C,/,T,	,4,	,3,9,1,6,4,4,3,4,	,+,	,N,A,	,N,A,	,N,A,	,N,A,	,N,A,	,N,A,	,C,	,C,	,C,	,C,	,C,	,C,	,C,	,C,	,C,	,C,	,C,	,C,	,C,	,T,	,C,	,T,	,C,	,C,	,C,	,C,	,T,	,T,	,T,	,C,	,C,	,C,	,C,	,C,	,C,	,C,	,C,	,C,	,C,	,C,	,C,	,C,	,C,	,T,	,C,	,C,	,C,	,C,	,C,	,C,	,T,	,T,	,T,	,T,	,T,	,T,	,C,	,C,	,C,	,T,	,C,	,C,	,C,	,C,	,C,	,C,	,C,	,T,	,C,	,C,	,T,	,C,	,C,	,C,	,T,	,C,	,T,	,C,	,C,	,C,	,C,	,C,	,C,	,C,	,T,	,T,	,C,	,C,	,C,	,C,	,C,	,C,	,C,	,C,	,C,	,C,	,C,	,C,	,C,	,C,	,C,	,C,	,C,	,C,	,C,	,C,	,C,	,C,	,C,	,C,	,T,	,N,	,C,	,T,	,C,	,Y,	,C,	,C,	,C,	,T,	,T,	,T,	,C,	,T,	,C,	,C,	,C,	,C,	,C,	,C,	,C,	,C,	,C,	,C,	,T,	,C,	,C,	,C,	,T,	,C,	,C,	,C,	,C,	,T,	,C,	,T,	,C,	,C,	,C,	,C,	,C,	,C,	,T,	,C,	,C,	,C,	,C,	,C,	,C,	,C,	,C,	,C,	,C,	,C,	,T,	,T,	,C,	,C,	,C,	,C,	,C,	,C,	,C,	,C,	,C,	,C,	,T,	,T,	,T,	,C,	,T,	,T,	,T,	,T,	,T,	,T,	,C,	,T,	,T,	,C,	,T,	,T,	,C,	,T,	,C,	,C,	,C,	,T,	,C,	,C,	,C,	,T,	,T,	,C,	,C,	,T,	,T,	,C,	,C,	,C,	,T,	,T,	,C,	,T,	,C,	,C,	,C,	,C,	,C,	,C,	,C,	,C,	,C,	,T,	,C,	,T,	,C,	,T,	,T,	,T,	,T,	,C,	,C,	,C,	,C,	,C,	,C,	,C,	,C,	,T,	,T,	,T,	,C,	,C,	,C,	,C,	,C,	,C,	,C,	,C,	,C,	,T,	,C,	,C,	,C,	,C,	,C,	,C,	,T,	,T,	,C,	,T,	,C,	,C,	,C,	,T,	,C,	,T,	,T,	,C,	,C,	,C,	,T,	,C,	,C,	,C,	,C,	,C,	,T,	,C,	,C,	,C,	,T,	,C,	,C,	,T,	,T,	,C,	,T,	,T,	,C,	,T,	,T,	,T,	,C,	,T,	,T,	,C,	,C,	,C,	,C,	,C,	,C,	,C,	,Y,	,C,	,C,	,C,	,C,	,C,	,C,	,C,	,C,	,C,	,C,	,C,	,C,	,C,	,C,	,C,	,C,	,C,	,C,	,C,	,C,	,C,	,C,	,C,	,C,	,C,	,C,	,C,	,C,	,C,	,C,	,T,	,C,	,C,	,C,	,C,	,C,	,C,	,T,	,C,	,C,	,T,	,T,	,T,	,C,	,C,	,C,	,C,	,C,	,C,	,C,	,C,	,C,	,C,	,C,	,C,	,C,	,C,	,C,	,C,	,C,	,T,	,C,	,C,	,C,	,C,	,C,	,C,	,C,	,T,	,C,	,C,	,C,	,C,	,C,	,C,	,T,	,C,	,T,	,C,	,C,	,C,	,T,	,C,	,C,	,T,	,C,	,C,	,T,	,C,	,T,	,C,	,C,	,C,	,C,	,T,	,C,	,C,	,T,	,C,	,C,	,C,	,T,	,T,	,T,	,C,	,C,	,C,	,C,	,C,	,C,	,C,	,C,	,C,	,C,	,C,	,C,	,C,	,C,	,T,	,C,	,C,	,T,	,C,	,C,	,C,	,C,	,C,	,C,	,C,	,C,"
"
C,a,4,_,3,9,1,6,4,4,3,8,	,G,/,A,	,4,	,3,9,1,6,4,4,3,8,	,+,	,N,A,	,N,A,	,N,A,	,N,A,	,N,A,	,N,A,	,G,	,G,	,A,	,G,	,G,	,G,	,G,	,G,	,G,	,G,	,G,	,G,	,G,	,A,	,G,	,A,	,N,	,G,	,G,	,G,	,A,	,A,	,A,	,G,	,R,	,G,	,G,	,G,	,G,	,G,	,A,	,G,	,G,	,G,	,G,	,G,	,G,	,A,	,G,	,G,	,G,	,G,	,G,	,G,	,A,	,A,	,A,	,A,	,A,	,A,	,G,	,G,	,G,	,A,	,G,	,G,	,G,	,G,	,G,	,G,	,G,	,A,	,G,	,G,	,A,	,G,	,A,	,G,	,A,	,G,	,A,	,G,	,G,	,G,	,G,	,G,	,G,	,G,	,A,	,A,	,G,	,G,	,G,	,G,	,G,	,G,	,G,	,G,	,G,	,G,	,G,	,G,	,G,	,G,	,G,	,G,	,G,	,G,	,G,	,G,	,G,	,N,	,G,	,G,	,A,	,N,	,G,	,A,	,G,	,R,	,G,	,G,	,G,	,A,	,A,	,A,	,G,	,A,	,G,	,G,	,G,	,G,	,G,	,R,	,G,	,G,	,G,	,G,	,A,	,G,	,G,	,G,	,A,	,G,	,G,	,G,	,G,	,A,	,G,	,A,	,G,	,G,	,G,	,G,	,G,	,G,	,A,	,G,	,G,	,G,	,G,	,G,	,G,	,G,	,G,	,G,	,G,	,G,	,A,	,A,	,G,	,G,	,G,	,G,	,G,	,G,	,G,	,G,	,G,	,G,	,A,	,A,	,A,	,G,	,A,	,A,	,A,	,A,	,A,	,A,	,G,	,A,	,A,	,G,	,A,	,A,	,G,	,A,	,G,	,G,	,G,	,A,	,G,	,G,	,G,	,A,	,A,	,G,	,G,	,A,	,A,	,G,	,G,	,G,	,A,	,A,	,G,	,A,	,G,	,G,	,G,	,G,	,A,	,G,	,G,	,G,	,G,	,A,	,G,	,A,	,G,	,A,	,A,	,A,	,A,	,G,	,A,	,G,	,G,	,G,	,G,	,G,	,G,	,A,	,A,	,A,	,A,	,G,	,G,	,G,	,G,	,G,	,G,	,G,	,G,	,A,	,G,	,G,	,G,	,G,	,G,	,G,	,A,	,A,	,G,	,A,	,G,	,G,	,A,	,A,	,G,	,A,	,A,	,G,	,G,	,R,	,A,	,G,	,G,	,G,	,G,	,G,	,A,	,G,	,G,	,G,	,A,	,G,	,G,	,A,	,A,	,G,	,A,	,A,	,G,	,A,	,A,	,A,	,G,	,A,	,A,	,G,	,G,	,G,	,G,	,G,	,G,	,G,	,G,	,G,	,G,	,G,	,G,	,G,	,G,	,G,	,G,	,G,	,G,	,G,	,G,	,G,	,G,	,G,	,G,	,G,	,G,	,G,	,G,	,G,	,G,	,G,	,G,	,G,	,G,	,G,	,G,	,G,	,N,	,A,	,G,	,A,	,G,	,G,	,G,	,G,	,A,	,G,	,G,	,A,	,A,	,A,	,G,	,G,	,G,	,G,	,G,	,G,	,G,	,G,	,G,	,G,	,G,	,G,	,G,	,G,	,G,	,G,	,G,	,A,	,G,	,G,	,G,	,G,	,G,	,G,	,G,	,A,	,G,	,G,	,G,	,G,	,G,	,G,	,A,	,R,	,A,	,R,	,G,	,G,	,A,	,G,	,G,	,A,	,G,	,G,	,A,	,G,	,A,	,G,	,G,	,G,	,G,	,A,	,G,	,G,	,A,	,G,	,R,	,G,	,A,	,A,	,A,	,A,	,G,	,G,	,G,	,G,	,G,	,G,	,G,	,G,	,A,	,N,	,G,	,G,	,G,	,A,	,G,	,G,	,A,	,G,	,G,	,G,	,G,	,G,	,G,	,G,	,G,"
"
C,a,4,_,3,9,1,6,4,4,3,9,	,T,/,C,	,4,	,3,9,1,6,4,4,3,9,	,+,	,N,A,	,N,A,	,N,A,	,N,A,	,N,A,	,N,A,	,T,	,T,	,C,	,T,	,T,	,T,	,T,	,T,	,T,	,T,	,T,	,T,	,T,	,C,	,T,	,C,	,N,	,T,	,T,	,T,	,C,	,C,	,C,	,T,	,T,	,T,	,T,	,T,	,T,	,T,	,C,	,T,	,T,	,T,	,T,	,T,	,T,	,C,	,T,	,T,	,T,	,T,	,T,	,T,	,C,	,C,	,C,	,C,	,C,	,C,	,T,	,T,	,T,	,C,	,T,	,T,	,T,	,T,	,T,	,T,	,T,	,C,	,T,	,T,	,C,	,T,	,C,	,T,	,C,	,T,	,C,	,T,	,T,	,T,	,T,	,T,	,T,	,T,	,C,	,C,	,T,	,T,	,T,	,T,	,T,	,T,	,T,	,T,	,T,	,T,	,T,	,T,	,T,	,T,	,T,	,T,	,T,	,T,	,T,	,T,	,T,	,N,	,T,	,T,	,C,	,N,	,T,	,C,	,T,	,C,	,T,	,T,	,T,	,C,	,C,	,C,	,T,	,C,	,T,	,T,	,T,	,T,	,T,	,T,	,T,	,T,	,T,	,T,	,C,	,T,	,T,	,T,	,C,	,T,	,T,	,T,	,T,	,C,	,T,	,C,	,T,	,T,	,T,	,T,	,T,	,T,	,C,	,T,	,T,	,T,	,T,	,T,	,T,	,T,	,T,	,T,	,T,	,T,	,C,	,C,	,T,	,T,	,T,	,T,	,T,	,T,	,T,	,T,	,T,	,T,	,C,	,C,	,C,	,T,	,C,	,C,	,C,	,C,	,C,	,C,	,T,	,C,	,C,	,T,	,C,	,C,	,T,	,C,	,T,	,T,	,T,	,C,	,T,	,T,	,T,	,C,	,C,	,T,	,T,	,C,	,C,	,T,	,T,	,T,	,C,	,C,	,T,	,C,	,T,	,T,	,T,	,T,	,C,	,T,	,T,	,T,	,T,	,C,	,T,	,C,	,T,	,C,	,C,	,C,	,C,	,T,	,C,	,T,	,T,	,T,	,T,	,T,	,T,	,C,	,C,	,C,	,C,	,T,	,T,	,C,	,T,	,T,	,T,	,T,	,T,	,C,	,T,	,T,	,T,	,T,	,T,	,T,	,C,	,C,	,T,	,C,	,T,	,T,	,C,	,C,	,T,	,C,	,C,	,T,	,T,	,C,	,C,	,T,	,T,	,T,	,T,	,T,	,C,	,T,	,T,	,T,	,C,	,T,	,T,	,C,	,C,	,T,	,C,	,C,	,T,	,C,	,C,	,C,	,T,	,C,	,C,	,T,	,T,	,T,	,T,	,T,	,T,	,T,	,T,	,T,	,T,	,T,	,C,	,T,	,T,	,T,	,T,	,T,	,T,	,T,	,T,	,T,	,T,	,T,	,T,	,T,	,T,	,T,	,T,	,T,	,T,	,T,	,T,	,T,	,T,	,T,	,T,	,T,	,C,	,C,	,T,	,C,	,T,	,T,	,T,	,T,	,C,	,T,	,T,	,C,	,C,	,C,	,T,	,T,	,T,	,T,	,T,	,T,	,T,	,T,	,T,	,T,	,T,	,T,	,T,	,T,	,T,	,T,	,T,	,C,	,T,	,T,	,T,	,T,	,T,	,T,	,T,	,C,	,T,	,T,	,T,	,T,	,T,	,T,	,C,	,T,	,C,	,T,	,T,	,T,	,C,	,T,	,T,	,C,	,T,	,T,	,C,	,T,	,C,	,T,	,T,	,T,	,T,	,C,	,T,	,T,	,C,	,T,	,Y,	,T,	,C,	,C,	,C,	,C,	,T,	,T,	,T,	,T,	,T,	,T,	,T,	,T,	,N,	,C,	,T,	,T,	,T,	,C,	,T,	,N,	,C,	,T,	,T,	,T,	,T,	,T,	,T,	,T,	,T,"
"
C,a,4,_,3,9,1,6,4,4,9,3,	,G,/,C,	,4,	,3,9,1,6,4,4,9,3,	,+,	,N,A,	,N,A,	,N,A,	,N,A,	,N,A,	,N,A,	,G,	,G,	,G,	,G,	,G,	,G,	,G,	,G,	,G,	,G,	,G,	,G,	,G,	,C,	,G,	,C,	,C,	,G,	,G,	,G,	,C,	,C,	,C,	,G,	,G,	,G,	,G,	,G,	,G,	,G,	,G,	,G,	,G,	,G,	,G,	,G,	,G,	,C,	,G,	,G,	,G,	,G,	,N,	,G,	,C,	,C,	,C,	,C,	,C,	,C,	,G,	,G,	,G,	,C,	,G,	,G,	,G,	,G,	,G,	,G,	,G,	,C,	,G,	,G,	,C,	,G,	,C,	,G,	,C,	,G,	,C,	,G,	,G,	,G,	,G,	,G,	,G,	,G,	,C,	,C,	,G,	,G,	,G,	,G,	,G,	,G,	,G,	,G,	,G,	,G,	,G,	,G,	,G,	,G,	,G,	,G,	,G,	,G,	,G,	,G,	,G,	,C,	,G,	,G,	,C,	,N,	,G,	,C,	,G,	,S,	,G,	,G,	,G,	,C,	,C,	,C,	,G,	,C,	,G,	,G,	,G,	,G,	,G,	,S,	,G,	,G,	,G,	,G,	,C,	,G,	,N,	,G,	,S,	,G,	,G,	,G,	,G,	,C,	,G,	,C,	,G,	,G,	,G,	,G,	,G,	,G,	,C,	,G,	,G,	,G,	,G,	,G,	,G,	,G,	,G,	,G,	,G,	,G,	,C,	,C,	,G,	,G,	,G,	,G,	,G,	,G,	,G,	,G,	,G,	,G,	,C,	,C,	,C,	,G,	,C,	,C,	,C,	,C,	,C,	,C,	,G,	,C,	,C,	,G,	,C,	,C,	,G,	,C,	,G,	,G,	,G,	,C,	,G,	,G,	,G,	,C,	,C,	,G,	,G,	,C,	,C,	,G,	,G,	,G,	,N,	,C,	,G,	,C,	,G,	,G,	,G,	,G,	,C,	,G,	,G,	,G,	,G,	,C,	,G,	,C,	,G,	,C,	,C,	,C,	,C,	,G,	,C,	,G,	,G,	,G,	,G,	,G,	,G,	,C,	,C,	,C,	,C,	,G,	,G,	,G,	,G,	,G,	,G,	,G,	,G,	,C,	,G,	,G,	,G,	,G,	,G,	,G,	,C,	,C,	,G,	,C,	,G,	,G,	,C,	,C,	,G,	,C,	,C,	,G,	,G,	,G,	,C,	,G,	,G,	,G,	,G,	,G,	,C,	,G,	,G,	,C,	,C,	,C,	,C,	,C,	,C,	,C,	,C,	,C,	,G,	,C,	,C,	,C,	,G,	,C,	,C,	,G,	,G,	,G,	,G,	,G,	,G,	,G,	,G,	,G,	,G,	,G,	,G,	,G,	,G,	,G,	,G,	,G,	,G,	,G,	,G,	,G,	,G,	,G,	,G,	,G,	,G,	,G,	,G,	,G,	,G,	,G,	,G,	,G,	,G,	,G,	,G,	,G,	,G,	,C,	,G,	,C,	,S,	,G,	,C,	,G,	,C,	,G,	,G,	,C,	,C,	,C,	,G,	,G,	,G,	,G,	,G,	,G,	,G,	,G,	,G,	,G,	,G,	,G,	,G,	,G,	,G,	,G,	,G,	,C,	,G,	,G,	,G,	,G,	,G,	,G,	,G,	,C,	,G,	,G,	,G,	,G,	,G,	,G,	,C,	,N,	,C,	,S,	,G,	,G,	,C,	,G,	,G,	,C,	,G,	,G,	,C,	,G,	,C,	,G,	,G,	,G,	,G,	,C,	,G,	,G,	,C,	,G,	,S,	,G,	,C,	,C,	,C,	,N,	,G,	,G,	,G,	,G,	,G,	,G,	,G,	,G,	,C,	,C,	,G,	,G,	,G,	,C,	,G,	,C,	,C,	,G,	,G,	,G,	,G,	,G,	,G,	,G,	,G,"
"
C,a,4,_,3,9,1,6,4,6,1,7,	,A,/,G,	,4,	,3,9,1,6,4,6,1,7,	,+,	,N,A,	,N,A,	,N,A,	,N,A,	,N,A,	,N,A,	,A,	,A,	,A,	,A,	,A,	,A,	,A,	,A,	,A,	,A,	,A,	,A,	,A,	,G,	,A,	,G,	,G,	,A,	,A,	,A,	,G,	,G,	,G,	,A,	,A,	,A,	,A,	,A,	,A,	,A,	,A,	,A,	,A,	,A,	,A,	,A,	,A,	,G,	,A,	,A,	,A,	,A,	,A,	,A,	,G,	,G,	,G,	,G,	,G,	,G,	,A,	,A,	,A,	,G,	,A,	,A,	,A,	,A,	,A,	,A,	,A,	,N,	,A,	,A,	,G,	,A,	,G,	,A,	,G,	,A,	,A,	,A,	,A,	,A,	,A,	,A,	,A,	,A,	,G,	,G,	,A,	,A,	,A,	,A,	,A,	,A,	,A,	,A,	,A,	,A,	,A,	,A,	,A,	,A,	,A,	,A,	,A,	,A,	,A,	,A,	,A,	,G,	,A,	,A,	,G,	,A,	,A,	,G,	,A,	,R,	,A,	,A,	,A,	,G,	,G,	,G,	,A,	,G,	,A,	,R,	,A,	,A,	,A,	,A,	,A,	,A,	,A,	,A,	,G,	,A,	,A,	,A,	,R,	,A,	,A,	,A,	,A,	,G,	,A,	,G,	,A,	,A,	,A,	,A,	,A,	,A,	,G,	,A,	,A,	,A,	,A,	,A,	,A,	,A,	,A,	,A,	,A,	,A,	,G,	,G,	,A,	,A,	,A,	,A,	,A,	,A,	,A,	,A,	,A,	,A,	,G,	,G,	,G,	,A,	,G,	,G,	,G,	,G,	,G,	,G,	,A,	,G,	,G,	,A,	,G,	,G,	,A,	,G,	,A,	,A,	,A,	,G,	,A,	,A,	,A,	,G,	,G,	,A,	,A,	,G,	,G,	,A,	,A,	,A,	,G,	,G,	,A,	,G,	,A,	,A,	,A,	,A,	,G,	,A,	,A,	,A,	,A,	,G,	,A,	,G,	,A,	,G,	,G,	,G,	,R,	,A,	,G,	,A,	,A,	,A,	,A,	,A,	,A,	,G,	,R,	,G,	,G,	,A,	,A,	,A,	,A,	,A,	,A,	,A,	,A,	,G,	,A,	,A,	,A,	,A,	,A,	,A,	,G,	,G,	,A,	,G,	,A,	,A,	,G,	,R,	,A,	,G,	,G,	,A,	,A,	,A,	,G,	,A,	,A,	,A,	,A,	,A,	,G,	,A,	,A,	,A,	,R,	,A,	,A,	,N,	,G,	,A,	,N,	,G,	,A,	,G,	,G,	,G,	,A,	,G,	,G,	,A,	,A,	,A,	,A,	,A,	,A,	,A,	,A,	,A,	,A,	,A,	,A,	,A,	,A,	,A,	,A,	,A,	,A,	,A,	,A,	,A,	,A,	,A,	,A,	,A,	,A,	,A,	,A,	,A,	,A,	,A,	,A,	,A,	,A,	,A,	,A,	,A,	,A,	,G,	,A,	,G,	,A,	,A,	,A,	,A,	,G,	,A,	,A,	,G,	,G,	,G,	,A,	,A,	,A,	,A,	,A,	,A,	,A,	,A,	,A,	,A,	,A,	,A,	,A,	,A,	,A,	,A,	,A,	,G,	,A,	,A,	,A,	,A,	,A,	,A,	,A,	,G,	,A,	,A,	,A,	,A,	,A,	,A,	,G,	,G,	,G,	,R,	,A,	,A,	,G,	,A,	,A,	,G,	,A,	,A,	,G,	,A,	,G,	,A,	,A,	,A,	,A,	,G,	,A,	,A,	,G,	,A,	,R,	,A,	,G,	,N,	,G,	,G,	,A,	,A,	,A,	,A,	,A,	,A,	,A,	,A,	,G,	,G,	,A,	,A,	,A,	,G,	,A,	,A,	,G,	,A,	,A,	,A,	,A,	,A,	,A,	,A,	,A,"
"
C,a,4,_,3,9,1,6,4,7,5,8,	,A,/,T,	,4,	,3,9,1,6,4,7,5,8,	,+,	,N,A,	,N,A,	,N,A,	,N,A,	,N,A,	,N,A,	,A,	,A,	,A,	,A,	,A,	,A,	,A,	,A,	,A,	,A,	,A,	,A,	,A,	,T,	,A,	,T,	,T,	,A,	,A,	,A,	,T,	,T,	,T,	,A,	,A,	,A,	,A,	,A,	,A,	,A,	,A,	,A,	,A,	,A,	,A,	,A,	,A,	,T,	,A,	,A,	,A,	,A,	,A,	,A,	,T,	,T,	,T,	,T,	,T,	,T,	,A,	,A,	,A,	,T,	,A,	,A,	,A,	,A,	,A,	,A,	,N,	,T,	,A,	,A,	,T,	,A,	,T,	,A,	,T,	,A,	,T,	,A,	,A,	,A,	,A,	,A,	,A,	,A,	,T,	,T,	,A,	,A,	,A,	,A,	,A,	,A,	,A,	,A,	,A,	,A,	,A,	,A,	,A,	,A,	,A,	,A,	,A,	,A,	,A,	,A,	,A,	,W,	,A,	,A,	,T,	,A,	,A,	,T,	,A,	,W,	,A,	,A,	,A,	,T,	,T,	,T,	,A,	,T,	,A,	,A,	,A,	,A,	,A,	,W,	,A,	,A,	,A,	,A,	,T,	,A,	,A,	,A,	,W,	,A,	,A,	,A,	,A,	,T,	,A,	,T,	,A,	,A,	,A,	,A,	,A,	,A,	,N,	,A,	,A,	,A,	,A,	,A,	,A,	,A,	,A,	,A,	,A,	,A,	,T,	,T,	,A,	,A,	,A,	,A,	,A,	,A,	,A,	,A,	,A,	,A,	,W,	,T,	,T,	,A,	,T,	,T,	,T,	,T,	,T,	,T,	,A,	,T,	,T,	,A,	,T,	,T,	,A,	,W,	,A,	,A,	,A,	,T,	,A,	,A,	,A,	,T,	,T,	,A,	,A,	,T,	,W,	,A,	,A,	,A,	,T,	,T,	,A,	,T,	,A,	,A,	,A,	,A,	,T,	,A,	,A,	,A,	,A,	,T,	,A,	,T,	,A,	,T,	,T,	,T,	,T,	,A,	,T,	,A,	,A,	,A,	,A,	,A,	,A,	,T,	,T,	,T,	,T,	,A,	,A,	,A,	,A,	,A,	,A,	,A,	,A,	,T,	,A,	,A,	,A,	,A,	,A,	,A,	,T,	,T,	,A,	,T,	,A,	,A,	,T,	,T,	,A,	,T,	,T,	,A,	,A,	,A,	,T,	,A,	,A,	,A,	,A,	,A,	,T,	,A,	,A,	,A,	,W,	,A,	,W,	,A,	,A,	,A,	,T,	,T,	,A,	,N,	,T,	,T,	,A,	,T,	,T,	,A,	,A,	,A,	,A,	,A,	,A,	,A,	,A,	,A,	,A,	,A,	,A,	,A,	,A,	,A,	,A,	,A,	,A,	,A,	,A,	,A,	,A,	,A,	,A,	,A,	,A,	,A,	,A,	,A,	,A,	,A,	,A,	,A,	,A,	,A,	,A,	,A,	,A,	,T,	,A,	,T,	,W,	,A,	,A,	,A,	,T,	,A,	,A,	,T,	,T,	,T,	,A,	,A,	,A,	,A,	,A,	,A,	,A,	,A,	,A,	,A,	,A,	,A,	,A,	,A,	,A,	,A,	,A,	,T,	,A,	,A,	,A,	,A,	,A,	,A,	,A,	,T,	,A,	,A,	,A,	,A,	,A,	,A,	,T,	,W,	,T,	,W,	,A,	,A,	,T,	,A,	,A,	,T,	,A,	,A,	,T,	,A,	,T,	,A,	,A,	,A,	,A,	,T,	,A,	,A,	,T,	,A,	,W,	,A,	,T,	,T,	,T,	,T,	,A,	,A,	,A,	,A,	,A,	,A,	,A,	,A,	,T,	,T,	,A,	,A,	,N,	,T,	,A,	,A,	,T,	,A,	,A,	,A,	,A,	,A,	,A,	,A,	,A,"
"
C,a,4,_,3,9,1,6,4,8,6,1,	,C,/,T,	,4,	,3,9,1,6,4,8,6,1,	,+,	,N,A,	,N,A,	,N,A,	,N,A,	,N,A,	,N,A,	,T,	,C,	,T,	,C,	,C,	,Y,	,C,	,C,	,C,	,C,	,T,	,C,	,C,	,N,	,C,	,C,	,N,	,C,	,C,	,Y,	,C,	,N,	,C,	,C,	,C,	,C,	,C,	,C,	,C,	,C,	,N,	,C,	,C,	,C,	,C,	,C,	,C,	,N,	,C,	,C,	,T,	,Y,	,C,	,Y,	,C,	,T,	,T,	,C,	,N,	,T,	,Y,	,C,	,C,	,T,	,Y,	,C,	,Y,	,C,	,T,	,C,	,C,	,C,	,C,	,C,	,N,	,C,	,C,	,C,	,N,	,C,	,N,	,C,	,N,	,C,	,T,	,C,	,Y,	,C,	,T,	,C,	,C,	,C,	,C,	,C,	,C,	,C,	,C,	,C,	,C,	,C,	,C,	,C,	,C,	,C,	,C,	,C,	,C,	,C,	,C,	,C,	,C,	,C,	,Y,	,C,	,C,	,T,	,C,	,N,	,Y,	,C,	,C,	,C,	,C,	,C,	,C,	,N,	,C,	,C,	,C,	,C,	,C,	,N,	,C,	,Y,	,C,	,C,	,C,	,C,	,C,	,C,	,C,	,C,	,Y,	,C,	,C,	,N,	,C,	,N,	,C,	,T,	,C,	,C,	,C,	,C,	,C,	,C,	,N,	,T,	,C,	,C,	,C,	,C,	,C,	,C,	,C,	,C,	,C,	,C,	,N,	,N,	,C,	,C,	,Y,	,C,	,C,	,C,	,C,	,C,	,C,	,C,	,N,	,T,	,C,	,C,	,C,	,N,	,T,	,C,	,C,	,N,	,C,	,N,	,N,	,N,	,N,	,T,	,T,	,T,	,C,	,C,	,C,	,C,	,C,	,C,	,C,	,N,	,C,	,C,	,Y,	,N,	,C,	,C,	,C,	,C,	,C,	,T,	,C,	,C,	,C,	,C,	,C,	,C,	,N,	,C,	,C,	,C,	,C,	,C,	,C,	,T,	,C,	,N,	,C,	,C,	,T,	,C,	,T,	,Y,	,C,	,C,	,C,	,C,	,C,	,N,	,C,	,T,	,N,	,C,	,C,	,C,	,C,	,C,	,C,	,C,	,C,	,N,	,C,	,C,	,C,	,C,	,C,	,C,	,T,	,C,	,C,	,N,	,C,	,C,	,N,	,N,	,C,	,C,	,T,	,Y,	,C,	,T,	,T,	,C,	,C,	,C,	,C,	,C,	,C,	,C,	,C,	,C,	,C,	,C,	,C,	,C,	,C,	,C,	,T,	,C,	,C,	,N,	,C,	,N,	,Y,	,C,	,N,	,C,	,C,	,C,	,C,	,C,	,C,	,C,	,C,	,C,	,C,	,C,	,C,	,C,	,C,	,C,	,C,	,Y,	,C,	,C,	,C,	,C,	,C,	,Y,	,C,	,C,	,C,	,C,	,C,	,C,	,C,	,C,	,C,	,C,	,C,	,C,	,C,	,C,	,C,	,C,	,C,	,N,	,C,	,C,	,C,	,C,	,T,	,Y,	,Y,	,N,	,C,	,T,	,C,	,C,	,C,	,C,	,N,	,C,	,C,	,C,	,C,	,C,	,C,	,C,	,C,	,N,	,N,	,C,	,C,	,N,	,C,	,C,	,C,	,C,	,C,	,C,	,C,	,C,	,C,	,C,	,C,	,C,	,C,	,C,	,C,	,C,	,T,	,C,	,C,	,C,	,T,	,C,	,C,	,N,	,C,	,C,	,T,	,C,	,T,	,C,	,C,	,T,	,C,	,N,	,C,	,C,	,T,	,C,	,C,	,C,	,N,	,N,	,Y,	,N,	,C,	,C,	,Y,	,C,	,C,	,C,	,Y,	,C,	,N,	,N,	,C,	,C,	,Y,	,T,	,C,	,C,	,C,	,C,	,C,	,C,	,C,	,C,	,C,	,T,	,C,"
"
C,a,4,_,3,9,1,6,4,8,9,6,	,G,/,A,	,4,	,3,9,1,6,4,8,9,6,	,+,	,N,A,	,N,A,	,N,A,	,N,A,	,N,A,	,N,A,	,G,	,G,	,G,	,G,	,G,	,G,	,G,	,G,	,G,	,G,	,G,	,G,	,G,	,N,	,G,	,N,	,N,	,G,	,G,	,G,	,A,	,N,	,A,	,G,	,G,	,G,	,G,	,G,	,G,	,G,	,N,	,G,	,G,	,G,	,G,	,G,	,G,	,N,	,G,	,G,	,N,	,G,	,G,	,A,	,N,	,N,	,N,	,N,	,A,	,N,	,G,	,G,	,G,	,N,	,G,	,G,	,G,	,G,	,G,	,G,	,G,	,A,	,G,	,G,	,N,	,G,	,N,	,G,	,N,	,G,	,N,	,G,	,G,	,G,	,N,	,G,	,G,	,G,	,N,	,N,	,G,	,G,	,G,	,G,	,G,	,G,	,G,	,G,	,G,	,G,	,G,	,G,	,G,	,G,	,G,	,G,	,G,	,G,	,G,	,G,	,G,	,A,	,G,	,G,	,N,	,N,	,G,	,N,	,G,	,N,	,G,	,G,	,G,	,N,	,A,	,N,	,G,	,A,	,G,	,G,	,G,	,N,	,G,	,G,	,G,	,G,	,G,	,G,	,A,	,G,	,G,	,G,	,G,	,G,	,G,	,R,	,G,	,A,	,G,	,N,	,G,	,G,	,G,	,G,	,G,	,G,	,N,	,G,	,G,	,G,	,G,	,G,	,G,	,G,	,G,	,G,	,G,	,G,	,N,	,N,	,G,	,G,	,G,	,G,	,G,	,G,	,G,	,G,	,G,	,G,	,G,	,N,	,N,	,G,	,N,	,N,	,N,	,N,	,N,	,N,	,G,	,A,	,A,	,G,	,A,	,A,	,G,	,N,	,G,	,G,	,G,	,N,	,G,	,G,	,G,	,N,	,A,	,G,	,G,	,N,	,A,	,G,	,G,	,G,	,N,	,N,	,G,	,N,	,G,	,G,	,G,	,G,	,N,	,G,	,G,	,G,	,G,	,A,	,G,	,N,	,G,	,N,	,A,	,N,	,N,	,G,	,N,	,G,	,G,	,G,	,G,	,G,	,G,	,N,	,G,	,N,	,A,	,G,	,G,	,G,	,G,	,G,	,G,	,G,	,G,	,N,	,G,	,G,	,G,	,G,	,G,	,G,	,N,	,N,	,G,	,N,	,G,	,G,	,A,	,N,	,G,	,N,	,A,	,G,	,G,	,G,	,N,	,G,	,G,	,G,	,G,	,G,	,N,	,G,	,G,	,A,	,G,	,A,	,A,	,A,	,R,	,A,	,A,	,N,	,G,	,N,	,R,	,N,	,G,	,N,	,N,	,G,	,G,	,G,	,G,	,G,	,G,	,G,	,G,	,G,	,G,	,G,	,G,	,G,	,G,	,G,	,G,	,G,	,G,	,G,	,G,	,G,	,G,	,G,	,G,	,G,	,G,	,G,	,G,	,G,	,G,	,G,	,G,	,G,	,G,	,G,	,G,	,G,	,G,	,R,	,G,	,N,	,G,	,G,	,A,	,G,	,N,	,G,	,G,	,N,	,A,	,N,	,G,	,G,	,G,	,G,	,G,	,G,	,G,	,G,	,G,	,G,	,G,	,G,	,G,	,G,	,G,	,G,	,G,	,A,	,G,	,G,	,G,	,G,	,G,	,G,	,G,	,N,	,G,	,G,	,G,	,G,	,G,	,G,	,A,	,G,	,N,	,G,	,G,	,G,	,A,	,G,	,G,	,N,	,G,	,G,	,N,	,G,	,A,	,G,	,G,	,G,	,G,	,N,	,G,	,G,	,N,	,G,	,G,	,G,	,N,	,N,	,A,	,N,	,G,	,G,	,G,	,G,	,G,	,G,	,G,	,G,	,N,	,N,	,G,	,G,	,G,	,N,	,G,	,G,	,R,	,G,	,G,	,G,	,G,	,G,	,G,	,A,	,G,"
"
C,a,4,_,3,9,1,6,4,9,1,9,	,G,/,C,	,4,	,3,9,1,6,4,9,1,9,	,+,	,N,A,	,N,A,	,N,A,	,N,A,	,N,A,	,N,A,	,G,	,G,	,G,	,G,	,G,	,G,	,G,	,G,	,G,	,G,	,G,	,G,	,G,	,N,	,G,	,N,	,N,	,G,	,G,	,G,	,N,	,N,	,N,	,G,	,G,	,G,	,G,	,G,	,G,	,G,	,C,	,G,	,G,	,G,	,G,	,G,	,G,	,N,	,G,	,G,	,G,	,G,	,G,	,G,	,N,	,N,	,N,	,N,	,N,	,N,	,G,	,G,	,S,	,N,	,G,	,G,	,G,	,C,	,G,	,G,	,G,	,N,	,G,	,G,	,N,	,G,	,N,	,G,	,N,	,G,	,N,	,G,	,G,	,G,	,G,	,G,	,G,	,G,	,N,	,N,	,G,	,G,	,G,	,G,	,G,	,G,	,G,	,G,	,G,	,G,	,G,	,G,	,G,	,G,	,G,	,G,	,G,	,G,	,G,	,G,	,G,	,N,	,G,	,G,	,N,	,N,	,G,	,N,	,G,	,C,	,G,	,G,	,G,	,N,	,N,	,N,	,G,	,N,	,G,	,G,	,G,	,N,	,G,	,G,	,G,	,G,	,G,	,G,	,N,	,G,	,G,	,G,	,G,	,G,	,S,	,S,	,S,	,N,	,G,	,N,	,G,	,G,	,G,	,G,	,G,	,G,	,N,	,G,	,G,	,G,	,G,	,G,	,G,	,G,	,G,	,G,	,G,	,G,	,N,	,N,	,G,	,G,	,S,	,G,	,G,	,G,	,G,	,G,	,G,	,G,	,G,	,N,	,N,	,G,	,N,	,N,	,N,	,N,	,N,	,N,	,G,	,N,	,C,	,G,	,N,	,N,	,G,	,C,	,G,	,G,	,G,	,N,	,S,	,G,	,S,	,N,	,N,	,G,	,G,	,N,	,N,	,G,	,G,	,G,	,N,	,N,	,G,	,N,	,G,	,G,	,G,	,G,	,N,	,G,	,G,	,G,	,G,	,N,	,G,	,N,	,G,	,N,	,C,	,N,	,N,	,S,	,N,	,G,	,G,	,G,	,G,	,G,	,G,	,N,	,S,	,N,	,C,	,G,	,G,	,G,	,G,	,G,	,G,	,G,	,G,	,N,	,G,	,G,	,G,	,G,	,G,	,G,	,N,	,N,	,G,	,N,	,G,	,G,	,N,	,C,	,N,	,N,	,N,	,G,	,G,	,G,	,N,	,G,	,G,	,G,	,G,	,G,	,N,	,G,	,G,	,G,	,G,	,G,	,G,	,C,	,S,	,G,	,N,	,N,	,G,	,N,	,C,	,N,	,G,	,N,	,N,	,G,	,G,	,G,	,G,	,G,	,G,	,G,	,S,	,C,	,G,	,G,	,G,	,G,	,G,	,G,	,S,	,G,	,G,	,S,	,S,	,G,	,S,	,G,	,G,	,G,	,G,	,G,	,G,	,G,	,G,	,S,	,S,	,G,	,G,	,G,	,S,	,S,	,G,	,C,	,S,	,N,	,G,	,G,	,C,	,G,	,N,	,G,	,S,	,N,	,N,	,N,	,G,	,G,	,G,	,G,	,G,	,G,	,G,	,G,	,G,	,G,	,G,	,N,	,G,	,G,	,G,	,G,	,S,	,N,	,G,	,G,	,G,	,G,	,G,	,G,	,G,	,N,	,G,	,G,	,G,	,G,	,G,	,G,	,N,	,S,	,N,	,G,	,S,	,G,	,N,	,G,	,G,	,N,	,G,	,S,	,N,	,G,	,N,	,S,	,G,	,G,	,S,	,N,	,G,	,G,	,N,	,G,	,G,	,G,	,N,	,N,	,N,	,N,	,G,	,G,	,S,	,G,	,G,	,G,	,G,	,G,	,N,	,N,	,G,	,G,	,G,	,N,	,G,	,S,	,S,	,G,	,G,	,G,	,S,	,G,	,N,	,G,	,G,"
"
C,a,4,_,3,9,1,6,4,9,2,0,	,G,/,A,	,4,	,3,9,1,6,4,9,2,0,	,+,	,N,A,	,N,A,	,N,A,	,N,A,	,N,A,	,N,A,	,G,	,G,	,G,	,G,	,G,	,G,	,G,	,G,	,G,	,G,	,G,	,G,	,G,	,N,	,G,	,N,	,N,	,G,	,G,	,G,	,N,	,N,	,N,	,G,	,G,	,G,	,R,	,G,	,G,	,G,	,A,	,G,	,G,	,G,	,G,	,G,	,G,	,N,	,G,	,G,	,G,	,G,	,G,	,G,	,N,	,N,	,N,	,N,	,N,	,N,	,G,	,G,	,G,	,N,	,G,	,G,	,G,	,N,	,G,	,G,	,G,	,N,	,G,	,G,	,A,	,G,	,N,	,G,	,N,	,G,	,N,	,G,	,G,	,G,	,G,	,G,	,G,	,G,	,N,	,N,	,G,	,G,	,G,	,G,	,G,	,G,	,G,	,G,	,G,	,G,	,G,	,G,	,G,	,G,	,G,	,G,	,G,	,G,	,G,	,G,	,G,	,N,	,G,	,G,	,N,	,N,	,G,	,N,	,G,	,A,	,G,	,G,	,G,	,N,	,N,	,N,	,G,	,N,	,G,	,G,	,G,	,N,	,G,	,G,	,G,	,G,	,G,	,G,	,N,	,G,	,G,	,G,	,G,	,G,	,G,	,G,	,G,	,N,	,G,	,N,	,G,	,G,	,G,	,G,	,G,	,G,	,N,	,G,	,G,	,G,	,G,	,G,	,G,	,G,	,G,	,G,	,G,	,G,	,N,	,N,	,G,	,G,	,G,	,G,	,G,	,G,	,G,	,G,	,G,	,G,	,G,	,N,	,N,	,G,	,N,	,N,	,N,	,N,	,N,	,N,	,G,	,N,	,A,	,G,	,N,	,N,	,G,	,A,	,G,	,G,	,G,	,N,	,G,	,G,	,G,	,N,	,N,	,G,	,G,	,N,	,N,	,G,	,G,	,G,	,N,	,N,	,G,	,N,	,G,	,G,	,G,	,G,	,N,	,G,	,G,	,G,	,G,	,N,	,G,	,N,	,G,	,N,	,A,	,N,	,N,	,G,	,N,	,G,	,G,	,G,	,G,	,G,	,G,	,N,	,R,	,N,	,A,	,G,	,R,	,G,	,G,	,G,	,G,	,G,	,G,	,N,	,G,	,G,	,G,	,G,	,G,	,G,	,N,	,N,	,G,	,N,	,G,	,G,	,N,	,A,	,N,	,N,	,N,	,G,	,G,	,G,	,N,	,G,	,G,	,G,	,G,	,G,	,N,	,G,	,G,	,A,	,G,	,A,	,A,	,A,	,R,	,A,	,N,	,N,	,G,	,N,	,G,	,N,	,G,	,N,	,N,	,G,	,G,	,G,	,G,	,G,	,G,	,G,	,G,	,A,	,G,	,G,	,G,	,G,	,G,	,G,	,G,	,G,	,G,	,G,	,G,	,G,	,G,	,G,	,G,	,G,	,G,	,G,	,G,	,G,	,G,	,G,	,G,	,G,	,G,	,G,	,G,	,G,	,G,	,G,	,G,	,N,	,G,	,G,	,G,	,G,	,N,	,G,	,G,	,N,	,N,	,N,	,G,	,G,	,G,	,G,	,G,	,G,	,G,	,G,	,G,	,G,	,G,	,N,	,G,	,G,	,G,	,G,	,G,	,N,	,G,	,G,	,G,	,G,	,G,	,G,	,G,	,N,	,G,	,G,	,G,	,G,	,G,	,G,	,N,	,G,	,N,	,G,	,G,	,G,	,N,	,G,	,G,	,N,	,G,	,G,	,N,	,G,	,N,	,G,	,G,	,G,	,G,	,N,	,G,	,G,	,N,	,G,	,G,	,G,	,N,	,N,	,N,	,N,	,G,	,G,	,G,	,G,	,G,	,G,	,G,	,G,	,N,	,N,	,G,	,G,	,G,	,N,	,G,	,G,	,R,	,G,	,G,	,G,	,G,	,G,	,A,	,G,	,G,"
"
C,a,4,_,3,9,1,6,4,9,3,6,	,T,/,C,	,4,	,3,9,1,6,4,9,3,6,	,+,	,N,A,	,N,A,	,N,A,	,N,A,	,N,A,	,N,A,	,T,	,T,	,T,	,T,	,T,	,T,	,T,	,T,	,T,	,T,	,T,	,T,	,T,	,N,	,T,	,N,	,C,	,T,	,T,	,T,	,N,	,N,	,N,	,T,	,T,	,T,	,T,	,T,	,T,	,T,	,T,	,T,	,T,	,T,	,T,	,T,	,T,	,C,	,T,	,T,	,T,	,T,	,T,	,C,	,N,	,N,	,C,	,N,	,N,	,N,	,T,	,T,	,T,	,N,	,T,	,T,	,T,	,C,	,T,	,T,	,T,	,N,	,T,	,T,	,C,	,T,	,N,	,T,	,C,	,T,	,N,	,T,	,T,	,T,	,T,	,T,	,T,	,T,	,N,	,N,	,T,	,T,	,T,	,T,	,T,	,T,	,T,	,T,	,T,	,T,	,T,	,T,	,T,	,T,	,T,	,T,	,T,	,T,	,T,	,T,	,T,	,N,	,T,	,T,	,N,	,N,	,T,	,N,	,T,	,C,	,T,	,T,	,T,	,C,	,C,	,N,	,T,	,N,	,T,	,T,	,T,	,N,	,T,	,T,	,T,	,C,	,T,	,T,	,N,	,T,	,T,	,T,	,T,	,T,	,T,	,T,	,T,	,N,	,T,	,N,	,T,	,T,	,T,	,T,	,T,	,T,	,C,	,T,	,T,	,T,	,T,	,T,	,T,	,T,	,T,	,T,	,T,	,T,	,N,	,N,	,T,	,T,	,T,	,T,	,T,	,T,	,T,	,T,	,T,	,T,	,C,	,N,	,N,	,T,	,C,	,N,	,C,	,N,	,N,	,N,	,T,	,C,	,C,	,T,	,C,	,N,	,T,	,T,	,T,	,T,	,T,	,C,	,T,	,T,	,T,	,N,	,N,	,T,	,T,	,N,	,N,	,T,	,T,	,T,	,N,	,C,	,T,	,N,	,T,	,T,	,T,	,T,	,N,	,T,	,T,	,T,	,T,	,N,	,T,	,N,	,T,	,N,	,C,	,N,	,N,	,T,	,N,	,T,	,T,	,T,	,T,	,T,	,T,	,C,	,T,	,N,	,C,	,T,	,T,	,T,	,T,	,T,	,T,	,T,	,T,	,N,	,T,	,T,	,T,	,T,	,T,	,T,	,N,	,N,	,T,	,N,	,T,	,T,	,N,	,C,	,T,	,N,	,N,	,T,	,T,	,T,	,N,	,T,	,T,	,T,	,T,	,T,	,N,	,T,	,T,	,T,	,T,	,T,	,T,	,N,	,T,	,T,	,N,	,N,	,T,	,N,	,T,	,N,	,T,	,N,	,N,	,T,	,T,	,T,	,T,	,T,	,T,	,T,	,T,	,C,	,T,	,T,	,T,	,T,	,T,	,T,	,T,	,T,	,T,	,T,	,T,	,T,	,T,	,T,	,T,	,T,	,T,	,T,	,T,	,T,	,T,	,T,	,T,	,T,	,T,	,T,	,T,	,T,	,T,	,T,	,T,	,N,	,T,	,T,	,T,	,T,	,N,	,T,	,T,	,N,	,N,	,N,	,T,	,T,	,T,	,T,	,T,	,T,	,T,	,T,	,T,	,T,	,T,	,T,	,T,	,T,	,T,	,T,	,T,	,C,	,T,	,T,	,T,	,T,	,T,	,T,	,T,	,N,	,T,	,T,	,T,	,T,	,T,	,T,	,N,	,T,	,N,	,T,	,T,	,T,	,N,	,T,	,T,	,N,	,T,	,T,	,N,	,T,	,N,	,T,	,T,	,T,	,T,	,N,	,T,	,T,	,N,	,T,	,T,	,T,	,N,	,N,	,N,	,N,	,T,	,T,	,T,	,T,	,T,	,T,	,T,	,T,	,N,	,C,	,T,	,T,	,T,	,N,	,T,	,T,	,T,	,C,	,T,	,T,	,T,	,T,	,T,	,T,	,T,"
"
C,a,4,_,3,9,1,6,4,9,5,3,	,G,/,A,	,4,	,3,9,1,6,4,9,5,3,	,+,	,N,A,	,N,A,	,N,A,	,N,A,	,N,A,	,N,A,	,G,	,G,	,G,	,G,	,G,	,G,	,G,	,G,	,G,	,G,	,G,	,G,	,G,	,N,	,G,	,N,	,N,	,G,	,G,	,G,	,N,	,N,	,N,	,G,	,G,	,G,	,G,	,G,	,G,	,G,	,G,	,G,	,G,	,G,	,G,	,G,	,G,	,A,	,G,	,G,	,G,	,G,	,G,	,G,	,N,	,N,	,A,	,N,	,N,	,N,	,G,	,G,	,G,	,N,	,G,	,G,	,G,	,G,	,G,	,G,	,G,	,N,	,G,	,G,	,N,	,A,	,N,	,G,	,A,	,G,	,N,	,G,	,G,	,G,	,G,	,G,	,G,	,G,	,N,	,N,	,G,	,G,	,G,	,G,	,G,	,G,	,G,	,G,	,G,	,G,	,G,	,G,	,G,	,G,	,G,	,G,	,G,	,G,	,G,	,G,	,G,	,N,	,G,	,G,	,N,	,N,	,G,	,A,	,G,	,G,	,G,	,G,	,G,	,A,	,A,	,A,	,G,	,N,	,G,	,G,	,G,	,N,	,G,	,R,	,G,	,G,	,G,	,G,	,N,	,G,	,G,	,G,	,G,	,G,	,G,	,G,	,G,	,N,	,G,	,N,	,G,	,G,	,G,	,G,	,G,	,G,	,A,	,G,	,G,	,G,	,G,	,G,	,G,	,G,	,G,	,G,	,G,	,G,	,N,	,N,	,G,	,G,	,G,	,G,	,G,	,G,	,G,	,G,	,G,	,G,	,A,	,N,	,N,	,G,	,A,	,N,	,A,	,N,	,N,	,N,	,G,	,A,	,A,	,G,	,A,	,N,	,G,	,G,	,G,	,G,	,G,	,A,	,G,	,G,	,G,	,N,	,N,	,G,	,G,	,N,	,N,	,G,	,G,	,G,	,N,	,A,	,G,	,N,	,G,	,G,	,G,	,G,	,N,	,G,	,G,	,G,	,G,	,N,	,G,	,N,	,G,	,N,	,A,	,N,	,N,	,G,	,N,	,G,	,G,	,G,	,G,	,G,	,G,	,A,	,G,	,N,	,A,	,G,	,G,	,G,	,G,	,G,	,G,	,G,	,G,	,A,	,G,	,G,	,G,	,G,	,G,	,G,	,N,	,N,	,G,	,N,	,G,	,G,	,N,	,A,	,G,	,N,	,N,	,G,	,G,	,G,	,N,	,G,	,G,	,G,	,G,	,G,	,N,	,G,	,G,	,G,	,G,	,G,	,G,	,N,	,G,	,G,	,N,	,N,	,G,	,N,	,G,	,A,	,G,	,N,	,N,	,G,	,G,	,G,	,G,	,G,	,G,	,G,	,G,	,N,	,G,	,G,	,G,	,G,	,G,	,G,	,G,	,G,	,G,	,G,	,G,	,G,	,G,	,G,	,G,	,G,	,G,	,G,	,G,	,G,	,G,	,G,	,G,	,G,	,G,	,G,	,G,	,G,	,G,	,G,	,G,	,N,	,G,	,G,	,G,	,G,	,N,	,G,	,G,	,N,	,N,	,N,	,G,	,G,	,G,	,G,	,G,	,G,	,G,	,G,	,G,	,G,	,G,	,G,	,G,	,G,	,G,	,G,	,G,	,A,	,G,	,N,	,G,	,G,	,G,	,G,	,G,	,N,	,G,	,G,	,G,	,G,	,G,	,G,	,N,	,G,	,N,	,G,	,G,	,G,	,N,	,G,	,G,	,N,	,G,	,G,	,N,	,G,	,N,	,G,	,G,	,G,	,G,	,N,	,G,	,G,	,N,	,G,	,G,	,G,	,N,	,N,	,N,	,N,	,G,	,G,	,G,	,G,	,G,	,G,	,G,	,G,	,N,	,A,	,G,	,G,	,G,	,N,	,G,	,G,	,G,	,G,	,G,	,G,	,G,	,G,	,G,	,G,	,G,"
"
C,a,4,_,3,9,1,6,4,9,5,5,	,G,/,A,	,4,	,3,9,1,6,4,9,5,5,	,+,	,N,A,	,N,A,	,N,A,	,N,A,	,N,A,	,N,A,	,G,	,G,	,G,	,G,	,G,	,G,	,G,	,G,	,G,	,G,	,G,	,G,	,G,	,N,	,G,	,N,	,A,	,G,	,G,	,G,	,N,	,N,	,N,	,G,	,G,	,G,	,G,	,G,	,G,	,G,	,G,	,G,	,G,	,G,	,G,	,G,	,G,	,A,	,G,	,G,	,G,	,G,	,G,	,G,	,A,	,N,	,A,	,A,	,N,	,N,	,G,	,G,	,G,	,N,	,G,	,G,	,G,	,G,	,G,	,G,	,G,	,N,	,G,	,G,	,A,	,N,	,N,	,G,	,A,	,G,	,N,	,G,	,G,	,G,	,G,	,G,	,G,	,G,	,N,	,N,	,G,	,G,	,G,	,G,	,G,	,G,	,G,	,G,	,G,	,G,	,G,	,G,	,G,	,G,	,G,	,G,	,G,	,G,	,G,	,G,	,G,	,N,	,G,	,G,	,N,	,N,	,G,	,A,	,G,	,G,	,G,	,G,	,G,	,A,	,A,	,A,	,G,	,N,	,G,	,G,	,G,	,N,	,G,	,R,	,G,	,G,	,G,	,G,	,N,	,G,	,G,	,G,	,G,	,G,	,G,	,G,	,G,	,A,	,G,	,A,	,G,	,G,	,G,	,G,	,G,	,G,	,A,	,G,	,G,	,G,	,G,	,G,	,G,	,G,	,G,	,G,	,G,	,G,	,N,	,N,	,G,	,G,	,G,	,G,	,G,	,G,	,G,	,G,	,G,	,G,	,A,	,N,	,N,	,G,	,A,	,N,	,A,	,N,	,N,	,N,	,G,	,A,	,A,	,G,	,A,	,N,	,G,	,G,	,G,	,G,	,G,	,A,	,G,	,G,	,G,	,N,	,N,	,G,	,G,	,A,	,N,	,G,	,G,	,G,	,N,	,A,	,G,	,N,	,G,	,G,	,G,	,G,	,N,	,G,	,G,	,G,	,G,	,N,	,G,	,N,	,G,	,A,	,A,	,N,	,N,	,G,	,N,	,G,	,G,	,G,	,G,	,G,	,G,	,A,	,G,	,A,	,A,	,G,	,G,	,G,	,G,	,G,	,G,	,G,	,G,	,A,	,G,	,G,	,G,	,G,	,G,	,G,	,N,	,N,	,G,	,N,	,G,	,G,	,N,	,A,	,G,	,N,	,N,	,G,	,G,	,G,	,N,	,G,	,G,	,G,	,G,	,G,	,N,	,G,	,G,	,G,	,G,	,G,	,G,	,N,	,G,	,G,	,N,	,N,	,G,	,A,	,G,	,A,	,G,	,N,	,N,	,G,	,G,	,G,	,G,	,G,	,G,	,G,	,G,	,A,	,G,	,G,	,G,	,G,	,G,	,G,	,G,	,G,	,G,	,G,	,G,	,G,	,G,	,G,	,G,	,G,	,G,	,G,	,G,	,G,	,G,	,G,	,G,	,R,	,G,	,G,	,G,	,G,	,G,	,G,	,G,	,N,	,R,	,G,	,G,	,R,	,N,	,G,	,G,	,N,	,A,	,N,	,G,	,G,	,G,	,G,	,G,	,G,	,G,	,G,	,G,	,G,	,G,	,G,	,G,	,G,	,G,	,G,	,G,	,A,	,G,	,G,	,G,	,G,	,G,	,G,	,G,	,N,	,G,	,G,	,G,	,G,	,G,	,G,	,N,	,G,	,N,	,G,	,G,	,G,	,N,	,G,	,G,	,N,	,G,	,G,	,A,	,G,	,N,	,G,	,G,	,G,	,G,	,N,	,G,	,G,	,A,	,G,	,G,	,G,	,N,	,N,	,N,	,N,	,G,	,G,	,G,	,G,	,G,	,G,	,G,	,G,	,N,	,A,	,G,	,G,	,G,	,N,	,G,	,G,	,G,	,G,	,G,	,G,	,G,	,G,	,G,	,G,	,G,"
"
C,a,4,_,3,9,1,6,4,9,7,6,	,C,/,A,	,4,	,3,9,1,6,4,9,7,6,	,+,	,N,A,	,N,A,	,N,A,	,N,A,	,N,A,	,N,A,	,C,	,C,	,C,	,C,	,C,	,C,	,C,	,C,	,C,	,C,	,C,	,C,	,C,	,C,	,C,	,C,	,C,	,C,	,C,	,C,	,N,	,C,	,N,	,C,	,M,	,C,	,C,	,C,	,C,	,C,	,C,	,C,	,C,	,C,	,C,	,C,	,C,	,C,	,C,	,C,	,C,	,C,	,C,	,C,	,C,	,A,	,C,	,A,	,N,	,N,	,C,	,C,	,M,	,N,	,C,	,C,	,C,	,C,	,C,	,C,	,C,	,N,	,C,	,C,	,C,	,C,	,N,	,C,	,C,	,C,	,N,	,C,	,C,	,C,	,C,	,C,	,C,	,C,	,N,	,C,	,C,	,C,	,C,	,C,	,C,	,C,	,C,	,C,	,C,	,C,	,C,	,C,	,C,	,C,	,C,	,C,	,C,	,C,	,C,	,C,	,C,	,C,	,C,	,C,	,N,	,N,	,C,	,C,	,C,	,C,	,C,	,C,	,C,	,C,	,C,	,N,	,C,	,C,	,C,	,C,	,C,	,N,	,C,	,C,	,C,	,C,	,C,	,C,	,C,	,C,	,C,	,C,	,C,	,C,	,M,	,M,	,M,	,C,	,C,	,C,	,C,	,C,	,C,	,C,	,C,	,C,	,N,	,C,	,C,	,C,	,C,	,C,	,C,	,C,	,N,	,M,	,C,	,C,	,C,	,C,	,C,	,C,	,M,	,C,	,C,	,C,	,C,	,C,	,C,	,C,	,C,	,N,	,C,	,C,	,A,	,C,	,C,	,N,	,C,	,N,	,C,	,C,	,N,	,C,	,C,	,C,	,C,	,C,	,C,	,C,	,C,	,N,	,M,	,C,	,M,	,C,	,C,	,C,	,C,	,A,	,C,	,C,	,C,	,C,	,N,	,C,	,C,	,A,	,C,	,C,	,C,	,C,	,N,	,C,	,C,	,C,	,C,	,N,	,C,	,C,	,C,	,A,	,C,	,N,	,N,	,M,	,C,	,C,	,C,	,C,	,C,	,C,	,C,	,C,	,M,	,N,	,C,	,C,	,C,	,C,	,C,	,C,	,C,	,C,	,C,	,N,	,C,	,C,	,C,	,C,	,C,	,C,	,N,	,N,	,C,	,N,	,C,	,C,	,C,	,C,	,C,	,N,	,N,	,C,	,C,	,C,	,C,	,C,	,C,	,C,	,C,	,C,	,N,	,C,	,C,	,A,	,C,	,C,	,C,	,N,	,M,	,C,	,N,	,C,	,C,	,C,	,M,	,A,	,C,	,C,	,C,	,C,	,C,	,C,	,C,	,C,	,C,	,C,	,M,	,C,	,C,	,C,	,C,	,C,	,C,	,C,	,M,	,C,	,C,	,M,	,M,	,C,	,M,	,C,	,C,	,C,	,C,	,C,	,C,	,C,	,C,	,M,	,M,	,C,	,C,	,C,	,C,	,M,	,C,	,M,	,C,	,N,	,C,	,C,	,C,	,C,	,C,	,C,	,M,	,C,	,A,	,N,	,C,	,C,	,C,	,C,	,C,	,C,	,C,	,C,	,C,	,C,	,C,	,C,	,C,	,C,	,C,	,C,	,M,	,C,	,C,	,C,	,C,	,C,	,C,	,C,	,C,	,C,	,C,	,C,	,C,	,C,	,C,	,C,	,C,	,A,	,C,	,C,	,M,	,C,	,C,	,C,	,C,	,C,	,C,	,M,	,C,	,C,	,N,	,M,	,C,	,C,	,M,	,N,	,C,	,C,	,C,	,C,	,C,	,C,	,N,	,N,	,C,	,A,	,C,	,C,	,M,	,C,	,C,	,C,	,C,	,C,	,C,	,C,	,C,	,C,	,C,	,N,	,C,	,C,	,M,	,C,	,M,	,C,	,M,	,C,	,C,	,C,	,C,"
"
C,a,4,_,3,9,1,6,4,9,8,0,	,T,/,C,	,4,	,3,9,1,6,4,9,8,0,	,+,	,N,A,	,N,A,	,N,A,	,N,A,	,N,A,	,N,A,	,T,	,T,	,T,	,T,	,T,	,T,	,T,	,T,	,T,	,T,	,T,	,T,	,T,	,C,	,T,	,C,	,C,	,T,	,T,	,T,	,N,	,C,	,C,	,C,	,T,	,T,	,T,	,T,	,T,	,T,	,T,	,T,	,T,	,T,	,T,	,T,	,T,	,C,	,T,	,T,	,T,	,T,	,T,	,T,	,C,	,C,	,C,	,C,	,N,	,C,	,T,	,T,	,Y,	,N,	,T,	,T,	,T,	,T,	,T,	,T,	,T,	,N,	,T,	,T,	,C,	,C,	,C,	,T,	,C,	,T,	,N,	,T,	,T,	,T,	,T,	,T,	,T,	,T,	,N,	,C,	,T,	,T,	,T,	,T,	,T,	,T,	,T,	,T,	,T,	,T,	,Y,	,T,	,T,	,T,	,T,	,T,	,T,	,T,	,T,	,T,	,T,	,C,	,T,	,T,	,C,	,N,	,T,	,C,	,T,	,Y,	,T,	,T,	,T,	,C,	,C,	,C,	,T,	,C,	,T,	,T,	,T,	,N,	,T,	,T,	,T,	,T,	,T,	,T,	,C,	,T,	,T,	,T,	,Y,	,T,	,Y,	,Y,	,T,	,C,	,T,	,C,	,T,	,T,	,T,	,T,	,T,	,T,	,C,	,T,	,T,	,T,	,T,	,T,	,T,	,T,	,C,	,T,	,T,	,T,	,C,	,C,	,T,	,T,	,Y,	,T,	,T,	,T,	,T,	,T,	,T,	,T,	,C,	,C,	,C,	,T,	,N,	,C,	,C,	,C,	,C,	,C,	,T,	,C,	,N,	,T,	,C,	,C,	,T,	,T,	,T,	,T,	,T,	,C,	,Y,	,T,	,Y,	,C,	,C,	,T,	,T,	,C,	,C,	,T,	,T,	,T,	,C,	,C,	,T,	,C,	,T,	,T,	,T,	,T,	,C,	,T,	,T,	,T,	,T,	,N,	,T,	,C,	,T,	,C,	,C,	,N,	,C,	,Y,	,C,	,T,	,T,	,T,	,T,	,T,	,T,	,C,	,Y,	,C,	,C,	,T,	,T,	,T,	,T,	,T,	,T,	,T,	,T,	,C,	,T,	,T,	,T,	,T,	,T,	,T,	,C,	,C,	,T,	,C,	,T,	,T,	,C,	,C,	,T,	,C,	,C,	,T,	,T,	,T,	,C,	,T,	,T,	,T,	,T,	,T,	,N,	,T,	,T,	,C,	,C,	,C,	,C,	,N,	,C,	,C,	,C,	,C,	,T,	,C,	,Y,	,N,	,T,	,C,	,C,	,T,	,T,	,T,	,T,	,T,	,T,	,C,	,Y,	,T,	,T,	,T,	,T,	,T,	,T,	,T,	,Y,	,T,	,T,	,Y,	,Y,	,T,	,T,	,T,	,T,	,T,	,T,	,T,	,T,	,T,	,T,	,Y,	,Y,	,T,	,T,	,T,	,T,	,Y,	,T,	,Y,	,T,	,N,	,Y,	,T,	,T,	,T,	,C,	,T,	,T,	,C,	,N,	,N,	,T,	,T,	,T,	,T,	,T,	,T,	,T,	,T,	,T,	,T,	,T,	,T,	,T,	,T,	,T,	,T,	,Y,	,C,	,T,	,T,	,T,	,T,	,T,	,T,	,T,	,C,	,T,	,T,	,T,	,T,	,T,	,T,	,C,	,C,	,C,	,Y,	,Y,	,T,	,C,	,T,	,T,	,C,	,T,	,Y,	,C,	,T,	,C,	,Y,	,T,	,T,	,Y,	,N,	,T,	,T,	,C,	,T,	,C,	,T,	,C,	,N,	,C,	,C,	,T,	,T,	,Y,	,T,	,T,	,T,	,T,	,T,	,C,	,C,	,T,	,T,	,T,	,C,	,T,	,T,	,Y,	,T,	,Y,	,T,	,T,	,T,	,T,	,T,	,T,"
"
C,a,4,_,3,9,1,6,4,9,8,9,	,A,/,C,	,4,	,3,9,1,6,4,9,8,9,	,+,	,N,A,	,N,A,	,N,A,	,N,A,	,N,A,	,N,A,	,A,	,A,	,A,	,A,	,A,	,A,	,A,	,A,	,A,	,A,	,A,	,A,	,A,	,C,	,A,	,C,	,M,	,A,	,A,	,A,	,N,	,C,	,N,	,A,	,A,	,A,	,A,	,A,	,A,	,A,	,A,	,A,	,A,	,A,	,A,	,A,	,A,	,C,	,A,	,A,	,A,	,A,	,A,	,A,	,C,	,N,	,C,	,N,	,C,	,C,	,A,	,A,	,M,	,N,	,A,	,A,	,A,	,A,	,A,	,A,	,A,	,N,	,A,	,A,	,C,	,A,	,C,	,A,	,C,	,A,	,N,	,A,	,A,	,A,	,A,	,A,	,A,	,A,	,N,	,C,	,A,	,A,	,A,	,A,	,A,	,A,	,A,	,A,	,A,	,A,	,A,	,A,	,A,	,A,	,A,	,A,	,A,	,A,	,A,	,A,	,A,	,C,	,A,	,A,	,C,	,N,	,A,	,C,	,A,	,M,	,A,	,A,	,A,	,C,	,C,	,N,	,A,	,C,	,A,	,A,	,A,	,A,	,A,	,A,	,A,	,A,	,A,	,A,	,C,	,A,	,A,	,A,	,M,	,A,	,A,	,M,	,A,	,C,	,A,	,C,	,A,	,A,	,A,	,A,	,A,	,A,	,A,	,A,	,A,	,A,	,A,	,A,	,A,	,A,	,A,	,A,	,A,	,A,	,C,	,C,	,A,	,A,	,M,	,A,	,A,	,A,	,A,	,A,	,A,	,A,	,M,	,C,	,C,	,A,	,A,	,C,	,C,	,N,	,C,	,C,	,A,	,C,	,N,	,A,	,C,	,C,	,A,	,A,	,A,	,A,	,A,	,N,	,M,	,A,	,M,	,C,	,C,	,A,	,A,	,N,	,C,	,A,	,A,	,A,	,N,	,C,	,A,	,N,	,A,	,A,	,A,	,A,	,N,	,A,	,A,	,A,	,A,	,N,	,A,	,C,	,A,	,C,	,M,	,N,	,N,	,M,	,C,	,A,	,A,	,A,	,A,	,A,	,A,	,C,	,M,	,C,	,C,	,A,	,A,	,A,	,A,	,A,	,A,	,A,	,A,	,A,	,A,	,A,	,A,	,A,	,A,	,A,	,N,	,N,	,A,	,N,	,A,	,A,	,C,	,M,	,A,	,N,	,N,	,A,	,A,	,A,	,C,	,A,	,A,	,A,	,A,	,A,	,N,	,A,	,A,	,A,	,C,	,C,	,C,	,N,	,C,	,C,	,N,	,C,	,A,	,C,	,M,	,A,	,A,	,C,	,C,	,A,	,A,	,A,	,A,	,A,	,A,	,A,	,M,	,A,	,A,	,A,	,A,	,A,	,A,	,A,	,M,	,A,	,A,	,M,	,M,	,A,	,A,	,A,	,A,	,A,	,A,	,A,	,A,	,A,	,A,	,M,	,M,	,A,	,A,	,A,	,A,	,A,	,A,	,M,	,A,	,N,	,M,	,A,	,A,	,A,	,C,	,A,	,A,	,C,	,A,	,N,	,A,	,A,	,A,	,A,	,A,	,A,	,A,	,A,	,A,	,A,	,A,	,A,	,A,	,A,	,A,	,A,	,M,	,C,	,A,	,A,	,A,	,A,	,A,	,A,	,A,	,C,	,A,	,A,	,A,	,A,	,A,	,A,	,C,	,M,	,C,	,M,	,M,	,A,	,C,	,A,	,A,	,C,	,A,	,M,	,C,	,A,	,N,	,M,	,A,	,A,	,M,	,N,	,A,	,A,	,C,	,A,	,A,	,A,	,C,	,N,	,C,	,C,	,A,	,A,	,M,	,A,	,A,	,A,	,A,	,A,	,C,	,C,	,A,	,A,	,A,	,N,	,A,	,A,	,M,	,A,	,M,	,A,	,A,	,A,	,A,	,A,	,A,"
"
